<?xml version="1.0" encoding="UTF-8"?> 

<beans xmlns="http://www.springframework.org/schema/beans"
       xmlns:xsi="http://www.w3.org/2001/XMLSchema-instance"
       xmlns:util="http://www.springframework.org/schema/util"
       xsi:schemaLocation="
                http://www.springframework.org/schema/beans
                http://www.springframework.org/schema/beans/spring-beans.xsd
                http://www.springframework.org/schema/util
                http://www.springframework.org/schema/util/spring-util.xsd"> 
   <bean id="leavesLimits"
   	class="pack_20_lifecycle.pack_10_bean_lifecycle.pack20_ini_interface.LeavesConfiguration" 
   	>
	
	   	<property name="maxPLAnnually">
	   		<value>20</value>
	   	</property>
	   	<property name="maxCLAnnually">
	   		<value>10</value>
	   	</property>
	   	<property name="maxMedicalAnnually">
	   		<value>30</value>
	   	</property>
   </bean>
</beans>
