<?xml version="1.0" encoding="UTF-8"?> 


<!-- It is schema style configuration for Spring 2.5  -->
<beans xmlns="http://www.springframework.org/schema/beans"
	xmlns:xsi="http://www.w3.org/2001/XMLSchema-instance"
	xmlns:context="http://www.springframework.org/schema/context"
	xsi:schemaLocation="http://www.springframework.org/schema/beans http://www.springframework.org/schema/beans/spring-beans.xsd
		http://www.springframework.org/schema/context http://www.springframework.org/schema/context/spring-context-4.1.xsd">
   
   <bean id="resourceBean1" class="pack_10_ioc.pack_10_beanBasics.pack01_beanFact.GlobalInvestment">
	<!-- By default, singleton is true -->
	<!-- If no constructor or property child is specified, no-arg constructor is invoked. -->
   </bean>
   
   <bean id="resourceBean2" class="pack_10_ioc.pack_10_beanBasics.pack01_beanFact.GlobalInvestment">
	<!--  Specifying two para constructor for object initialization-->
    	<constructor-arg type="String">
   			<value>Gobal Investment Pvt. Ltd.</value>
   		</constructor-arg>
   		<constructor-arg type="String" >
   			<value>Ladder of success</value>
   		</constructor-arg>
   		
   		<property name="globalRank" value="104"/>
   		
		<!-- Setter Injection    -->
   		<property name="headOfficeAddress" ref="address"/>
   </bean>
   
   <bean id="address"
   		class="pack_10_ioc.pack_10_beanBasics.pack01_beanFact.Address">
	
	   	<property name="line1">
	   		<value>207, Lok Center</value>
	   	</property>
	   	<property name="line2">
	   		<value>Marol</value>
	   	</property>
	   	<property name="city">
	   		<value>Andheri(E), Mumbai</value>
	   	</property>
	   	<property name="state">
	   		<value>Maharashtra</value>
	   	</property>
	   	<property name="pin">
	   		<value>400057</value>
	   	</property>
	</bean>
	
</beans>
