<?xml version="1.0" encoding="UTF-8"?> 

<beans xmlns="http://www.springframework.org/schema/beans"
       xmlns:xsi="http://www.w3.org/2001/XMLSchema-instance"
       xsi:schemaLocation="
                http://www.springframework.org/schema/beans
                http://www.springframework.org/schema/beans/spring-beans.xsd
                http://www.springframework.org/schema/context
		 http://www.springframework.org/schema/context/spring-context-3.0.xsd"
		 xmlns:context="http://www.springframework.org/schema/context"
		 xmlns:p="http://www.springframework.org/schema/p">
 
  <bean id="serviceA" class="pack_10_ioc.pack_70_namespace.pack_05_combine.withXml.pack030_Mpor_1Obj.ServiceA" />
  
	<!-- PropertyOverrideConfigurer using bean tag -->
	<bean class="org.springframework.beans.factory.config.PropertyOverrideConfigurer">
		<property name="location" value="classpath:pack_10_ioc\pack_70_namespace\pack_05_combine\withXml\pack030_Mpor_1Obj\ValuesSetPOR1.properties" />
	</bean>
	<bean class="org.springframework.beans.factory.config.PropertyOverrideConfigurer">
		<property name="location" value="classpath:pack_10_ioc\pack_70_namespace\pack_05_combine\withXml\pack030_Mpor_1Obj\ValuesSetPOR2.properties" />
	</bean>
	
	<!-- PropertyOverrideConfigurer using context schema 
	<context:property-override location="classpath:pack_10_ioc\pack_70_namespace\pack_05_combine\withXml\pack030_Mpor_1Obj\ValuesSetPOR1.properties" />  
  	<context:property-override location="classpath:pack_10_ioc\pack_70_namespace\pack_05_combine\withXml\pack030_Mpor_1Obj\ValuesSetPOR2.properties" />
  	-->  
</beans>