<beans xmlns="http://www.springframework.org/schema/beans"
	xmlns:xsi="http://www.w3.org/2001/XMLSchema-instance"
	xsi:schemaLocation="http://www.springframework.org/schema/beans 
	http://www.springframework.org/schema/beans/spring-beans-2.5.xsd">

	<!-- Register bean with ControllerClassNameHandler -->
	<bean class="org.springframework.web.servlet.mvc.support.ControllerClassNameHandlerMapping" />
	<bean class="controllers.WelcomeController" />
	
	<bean class="org.springframework.web.servlet.view.ResourceBundleViewResolver">
		<property name="basename">
			<value>SpringViews</value>
		</property>
	</bean>
	

</beans>
