<?xml version="1.0" encoding="UTF-8"?>
<beans xmlns="http://www.springframework.org/schema/beans"
	xmlns:xsi="http://www.w3.org/2001/XMLSchema-instance"
	xsi:schemaLocation="http://www.springframework.org/schema/beans http://www.springframework.org/schema/beans/spring-beans-3.0.xsd
		http://www.springframework.org/schema/tx http://www.springframework.org/schema/tx/spring-tx-3.0.xsd"
	xmlns:tx="http://www.springframework.org/schema/tx">

	<import resource="db-config.xml" />
	
	<bean id="exampleSessionFactory" class="org.springframework.orm.hibernate4.LocalSessionFactoryBean">
		<property name="dataSource" ref ="ds"/>
		<property name="hibernateProperties">
			<value>
			<!--hibernate.dialect=org.hibernate.dialect.MySQLDialect hibernate.hbm2ddl.auto=create-->
				hibernate.dialect=org.hibernate.dialect.Oracle10gDialect
				hibernate.show_sql=true
			</value>
		</property>
		
		<!-- <property name="configLocation">
            <value>classpath:hibernate.cfg.xml</value>
        </property> -->
        
		<property name="mappingResources">
			<list>
		        <value>pack_60_hibernate\pack_common\Product.hbm.xml</value>
		   	</list>
		</property>		
	</bean>
	<!--  -->
	<bean id="productRepository" class="pack_60_hibernate.pack_10_session.HibernateProductRepository1">
		<property name="sessionFactory"><ref local="exampleSessionFactory"/></property>
	</bean>
	
	<!--  
	<bean id="productRepository" class="pack_60_hibernate.pack_20_template.HibernateProductRepository2">
		<property name="sessionFactory"><ref local="exampleSessionFactory"/></property>
	</bean>
	-->
	<!-- 
	<bean id="productRepository" class="pack_60_hibernate.pack_30_dao.HibernateProductRepository3">
		<property name="sessionFactory"><ref local="exampleSessionFactory"/></property>
	</bean>
	-->
	 <!-- 
	 <bean id="productRepository" class="pack_60_hibernate.pack_40_dao_session.HibernateProductRepository4">
		<property name="sessionFactory"><ref local="exampleSessionFactory"/></property>
	</bean> 
	-->
<!--  Transactional settings required for the Hibernate example to work. -->
	<bean id="txManager" class="org.springframework.orm.hibernate4.HibernateTransactionManager">
		<property name="sessionFactory" ref="exampleSessionFactory" />
	</bean>
	 
	<tx:annotation-driven transaction-manager="txManager" />
	<!---->
</beans>
