<?xml version="1.0" encoding="UTF-8"?> 

<beans xmlns="http://www.springframework.org/schema/beans"
       xmlns:xsi="http://www.w3.org/2001/XMLSchema-instance"
       xsi:schemaLocation="
                http://www.springframework.org/schema/beans
                http://www.springframework.org/schema/beans/spring-beans.xsd
                http://www.springframework.org/schema/context
		 http://www.springframework.org/schema/context/spring-context-3.0.xsd"
		 xmlns:context="http://www.springframework.org/schema/context">
                
	<bean id="dataSource1" class="org.springframework.jdbc.datasource.DriverManagerDataSource"> <!--  Does not provide conn. pool -->
    <property name="driverClassName" value="oracle.jdbc.OracleDriver"/>
    <property name="url" value="jdbc:oracle:thin:@localhost:1521:XE"/>
    <property name="username" value="scott"/>
    <property name="password" value="tiger"/>
  </bean>
  
	<!-- <bean id="dsRefDerby" class="org.springframework.jdbc.datasource.DriverManagerDataSource"> 
    	<property name="driverClassName" value="org.apache.derby.jdbc.ClientDriver"/>
    	<property name="url" value="jdbc:derby://localhost:1527/chandra"/>
    </bean> -->
  
	<!-- <bean id="dsRefMySql"
		class="org.springframework.jdbc.datasource.DriverManagerDataSource"> 
		<property name="driverClassName" value="com.mysql.jdbc.Driver" />
		<property name="url" value="jdbc:mysql://localhost:3306/test" />
		<property name="username" value="root" />
		<property name="password" value="root" />
	</bean> -->
	 
	<!-- 
	<bean id="dsRefMsSql"
		class="org.springframework.jdbc.datasource.DriverManagerDataSource"> 
		<property name="driverClassName" value="com.microsoft.sqlserver.jdbc.SQLServerDriver" />
		<property name="url" value="jdbc:sqlserver://localhost;DatabaseName=northwind;instanceName=sa1" />
		<property name="username" value="sa" />
		<property name="password" value="12345678" />
	</bean>
	  -->
</beans>