<?xml version="1.0" encoding="UTF-8"?> 


<!-- It is schema style configuration for Spring 2.5  -->
<beans xmlns="http://www.springframework.org/schema/beans"
       xmlns:xsi="http://www.w3.org/2001/XMLSchema-instance"
       xsi:schemaLocation="
                http://www.springframework.org/schema/beans
                http://www.springframework.org/schema/beans/spring-beans.xsd">
   
   <bean id="operands" class="pack_10_ioc.pack_50_exprLanguage.el050regxWithXml.Operands">
   		<property name="email" value="cbdesh2000@yahoo.com" />
   </bean>
   	
   <bean id="operators" class="pack_10_ioc.pack_50_exprLanguage.el050regxWithXml.Operators">
   		<property name="regX" value="^[_A-Za-z0-9-\\+]+(\\.[_A-Za-z0-9-]+)@[A-Za-z0-9-]+(\\.[A-Za-z0-9]+)*(\\.[A-Za-z]{2,})$" />
		<property name="regXResult" value="#{(operands.email matches '^[_A-Za-z0-9-\+]+(\.[_A-Za-z0-9-]+)*@[A-Za-z0-9-]+(\.[A-Za-z0-9]+)*(\.[A-Za-z]{2,})$')== true ? '-Yes there is a match.' : '-No there is no match.' }" />
		<property name="numberResult" value="#{ ('100' matches '\d+') == true ? '-Yes this is digit.' : '-No this is not a digit.' }" />
   	</bean>
   	
   	
</beans>
